{
  "$schema": "https://schema.management.azure.com/schemas/2019-04-01/deploymentTemplate.json#",
  "contentVersion": "1.0.0.0",
  "parameters": {
     "cosmosDB_Name": {
      "type": "string"
     },
    "location": {
      "type": "string",
      "defaultValue": "[resourceGroup().location]",
      "metadata": {
        "description": "Location for the Azure Cosmos DB account."
      }
    },
    "cosmosDBprimaryRegion": {
      "type": "string",
      "metadata": {
        "description": "The primary region for the Azure Cosmos DB account."
      }
    },
    "cosmosDBsecondaryRegion": {
      "type": "string",
      "metadata": {
        "description": "The secondary region for the Azure Cosmos DB account."
      }
    },
    "defaultConsistencyLevel": {
      "type": "string",
      "defaultValue": "Session",
      "metadata": {
        "description": "The default consistency level of the Cosmos DB account."
      },
      "allowedValues": [
        "Eventual",
        "ConsistentPrefix",
        "Session",
        "BoundedStaleness",
        "Strong"
      ]
    },
    "maxStalenessPrefix": {
      "type": "int",
      "metadata": {
        "description": "Max stale requests. Required for BoundedStaleness. Valid ranges, Single Region: 10 to 2147483647. Multi Region: 100000 to 2147483647."
      },
      "maxValue": 2147483647,
      "minValue": 10
    },
    "maxIntervalInSeconds": {
      "type": "int",
      "metadata": {
        "description": "Max lag time (minutes). Required for BoundedStaleness. Valid ranges, Single Region: 5 to 84600. Multi Region: 300 to 86400."
      },
      "maxValue": 86400,
      "minValue": 5
    },
    "systemManagedFailover": {
      "type": "bool",
      "defaultValue": true,
      "metadata": {
        "description": "Enable system managed failover for regions"
      },
      "allowedValues": [
        true,
        false
      ]
    },
    "CosmosDatabaseName": {
      "type": "string",
      "metadata": {
        "description": "The name for the database"
      }
    },
    "containerName_outboundevent": {
      "type": "string",
      "metadata": {
        "description": "The name for the container"
      }
    },
    "containerName_outboundevent_history": {
      "type": "string"
    },
    "throughput": {
      "type": "int",
      "metadata": {
        "description": "The throughput for the container"
      },
      "maxValue": 1000000,
      "minValue": 400
    },
    "guidValue": {
      "type": "string",
      "defaultValue": "[newGuid()]"
    }
  },
  "variables": {
    "cosmosDB_Name": "[toLower( parameters('cosmosDB_Name') )]",
    "locations": [
      {
        "locationName": "[parameters('cosmosDBprimaryRegion')]",
        "failoverPriority": 0,
        "isZoneRedundant": false
      },
      {
        "locationName": "[parameters('cosmosDBsecondaryRegion')]",
        "failoverPriority": 1,
        "isZoneRedundant": false
      }
    ]
  },
  "resources": [
    {
      "type": "Microsoft.DocumentDB/databaseAccounts",
      "apiVersion": "2022-08-15",
      "name": "[variables('cosmosDB_Name')]",
      "location": "[parameters('location')]",
      "tags": {
        "defaultExperience": "Core (SQL)",
        "hidden-cosmos-mmspecial": ""
      },
      "kind": "GlobalDocumentDB",
      "identity": {
        "type": "None"
      },
      "properties": {
        "publicNetworkAccess": "Enabled",
        "enableAutomaticFailover": false,
        "enableMultipleWriteLocations": false,
        "isVirtualNetworkFilterEnabled": false,
        "virtualNetworkRules": [],
        "disableKeyBasedMetadataWriteAccess": false,
        "enableFreeTier": false,
        "enableAnalyticalStorage": false,
        "analyticalStorageConfiguration": {
          "schemaType": "WellDefined"
        },
        "databaseAccountOfferType": "Standard",
        "defaultIdentity": "FirstPartyIdentity",
        "networkAclBypass": "None",
        "disableLocalAuth": false,
        "enablePartitionMerge": false,
        "consistencyPolicy": {
          "defaultConsistencyLevel": "Session",
          "maxIntervalInSeconds": 5,
          "maxStalenessPrefix": 100
        },
        "locations": [
          {
            "locationName": "[parameters('location')]",
            "provisioningState": "Succeeded",
            "failoverPriority": 0,
            "isZoneRedundant": false
          }
        ],
        "cors": [],
        "capabilities": [],
        "ipRules": [],
        "backupPolicy": {
          "type": "Periodic",
          "periodicModeProperties": {
            "backupIntervalInMinutes": 240,
            "backupRetentionIntervalInHours": 8,
            "backupStorageRedundancy": "Geo"
          }
        },
        "networkAclBypassResourceIds": [],
        "keysMetadata": {}
      }
    },
    {
      "type": "Microsoft.DocumentDB/databaseAccounts/sqlDatabases",
      "apiVersion": "2022-08-15",
      "name": "[concat(variables('cosmosDB_Name'), '/',parameters('CosmosDatabaseName'))]",
      "dependsOn": [
        "[resourceId('Microsoft.DocumentDB/databaseAccounts', variables('cosmosDB_Name'))]"
      ],
      "properties": {
        "resource": {
          "id": "[parameters('CosmosDatabaseName')]"
        }
      }
    },
    {
      "type": "Microsoft.DocumentDB/databaseAccounts/sqlRoleDefinitions",
      "apiVersion": "2022-08-15",
      "name": "[concat(variables('cosmosDB_Name'), '/00000000-0000-0000-0000-000000000001')]",
      "dependsOn": [
        "[resourceId('Microsoft.DocumentDB/databaseAccounts', variables('cosmosDB_Name'))]"
      ],
      "properties": {
        "roleName": "Cosmos DB Built-in Data Reader",
        "type": "BuiltInRole",
        "assignableScopes": [
          "[resourceId('Microsoft.DocumentDB/databaseAccounts', variables('cosmosDB_Name'))]"
        ],
        "permissions": [
          {
            "dataActions": [
              "Microsoft.DocumentDB/databaseAccounts/readMetadata",
              "Microsoft.DocumentDB/databaseAccounts/sqlDatabases/containers/executeQuery",
              "Microsoft.DocumentDB/databaseAccounts/sqlDatabases/containers/readChangeFeed",
              "Microsoft.DocumentDB/databaseAccounts/sqlDatabases/containers/items/read"
            ],
            "notDataActions": []
          }
        ]
      }
    },
    {
      "type": "Microsoft.DocumentDB/databaseAccounts/sqlRoleDefinitions",
      "apiVersion": "2022-08-15",
      "name": "[concat(variables('cosmosDB_Name'), '/00000000-0000-0000-0000-000000000002')]",
      "dependsOn": [
        "[resourceId('Microsoft.DocumentDB/databaseAccounts', variables('cosmosDB_Name'))]"
      ],
      "properties": {
        "roleName": "Cosmos DB Built-in Data Contributor",
        "type": "BuiltInRole",
        "assignableScopes": [
          "[resourceId('Microsoft.DocumentDB/databaseAccounts', variables('cosmosDB_Name'))]"
        ],
        "permissions": [
          {
            "dataActions": [
              "Microsoft.DocumentDB/databaseAccounts/readMetadata",
              "Microsoft.DocumentDB/databaseAccounts/sqlDatabases/containers/*",
              "Microsoft.DocumentDB/databaseAccounts/sqlDatabases/containers/items/*"
            ],
            "notDataActions": []
          }
        ]
      }
    },
    {
      "type": "Microsoft.DocumentDB/databaseAccounts/sqlDatabases/containers",
      "apiVersion": "2022-08-15",
      "name": "[format('{0}/{1}', format('{0}/{1}', toLower(variables('cosmosDB_Name')), parameters('CosmosDatabaseName')), parameters('containerName_outboundevent'))]",

      "dependsOn": [
        "[resourceId('Microsoft.DocumentDB/databaseAccounts/sqlDatabases', variables('cosmosDB_Name'), parameters('CosmosDatabaseName'))]",
        "[resourceId('Microsoft.DocumentDB/databaseAccounts', variables('cosmosDB_Name'))]"
      ],
      "properties": {
        "resource": {
          "id": "[parameters('containerName_outboundevent')]",
          "indexingPolicy": {
            "indexingMode": "consistent",
            "automatic": true,
            "includedPaths": [
              {
                "path": "/*"
              }
            ],
            "excludedPaths": [
              {
                "path": "/\"_etag\"/?"
              }
            ]
          },
          "partitionKey": {
            "paths": [
              "/partitionKey"
            ],
            "kind": "Hash"
          },
          "uniqueKeyPolicy": {
            "uniqueKeys": []
          },
          "conflictResolutionPolicy": {
            "mode": "LastWriterWins",
            "conflictResolutionPath": "/_ts"
          }
        }
      }
    },
    {
      "type": "Microsoft.DocumentDB/databaseAccounts/sqlDatabases/containers",
      "apiVersion": "2022-08-15",
      "name": "[concat(variables('cosmosDB_Name'), '/',parameters('CosmosDatabaseName'),'/',parameters('containerName_outboundevent_history'))]",
      "dependsOn": [
        "[resourceId('Microsoft.DocumentDB/databaseAccounts/sqlDatabases', variables('cosmosDB_Name'), parameters('CosmosDatabaseName'))]",
        "[resourceId('Microsoft.DocumentDB/databaseAccounts', variables('cosmosDB_Name'))]"
      ],
      "properties": {
        "resource": {
          "id": "[parameters('containerName_outboundevent_history')]",
          "indexingPolicy": {
            "indexingMode": "consistent",
            "automatic": true,
            "includedPaths": [
              {
                "path": "/*"
              }
            ],
            "excludedPaths": [
              {
                "path": "/\"_etag\"/?"
              }
            ]
          },
          "partitionKey": {
            "paths": [
              "/partitionKey"
            ],
            "kind": "Hash"
          },
          "uniqueKeyPolicy": {
            "uniqueKeys": []
          },
          "conflictResolutionPolicy": {
            "mode": "LastWriterWins",
            "conflictResolutionPath": "/_ts"
          }
        }
      }
    }
  ]
}

